prompt_id,prompt
0002,"A 'day in the life' of a cutting-edge urban dance crew rehearsing for a global competition. Showcase their intense training, creative choreography sessions, high-tech stage setups, team dynamics, and the adrenaline-filled moments of their electrifying performance under the city lights."
0006,"A 2D animated fire dancer twirls blazing ribbons under neon lights in a dynamic, colorful style, the sharp motions and vivid hues mesmerizing onlookers who cheer enthusiastically."
0004,"A 2D animated scene of a kindergarten teacher guiding excited children through a colorful art project, their hands busy with paints and smiles bright, infusing the classroom with joyful creativity."
0009,"A 2D animation of a brave knight riding a dragon over a mystical mountain range. Vibrant colors highlight shimmering clouds and ancient temples below, with the knight’s armor gleaming in the sunlight."
0011,"A 3D animated dragon soaring above a medieval castle at sunset, its scales shimmering in the golden light. Flames flicker from its mouth as it navigates through fluffy clouds, casting dynamic shadows below."
0017,A 3D animated journey through a magical forest where trees glow with neon colors and mythical creatures roam. The camera weaves between luminescent flora and sparkling streams under a twilight sky.
0012,"A 3D animated ninja dashes through a neon-lit cyberpunk city, leaping between skyscrapers and dodging holographic billboards. Swords flash under rain-soaked lights as the ninja navigates the bustling urban landscape."
0010,"A 3D animated scene of a luminous phoenix soaring above a twilight cityscape, its vibrant wings illuminating the skyline. Fire trails behind as it navigates between towering buildings, symbolizing rebirth and energy."
0014,"A 3D animated scene of a volcanic eruption at night, molten lava flowing down the mountainside, illuminating the dark sky with fiery reds and oranges while ash clouds billow into the atmosphere."
0016,"A 3D animated view of a floating island with bioluminescent flora, crystalline waterfalls cascading into the abyss below, and ethereal creatures gliding through the mist under a dual-moon sky."
0036,A ballet dancer in a flowing red dress performs gracefully on a misty riverbank at dawn. The camera captures her elegant movements against the soft hues of the rising sun reflecting on the water.
0000,"A bustling city marketplace from dawn to dusk, capturing vendors setting up, colorful goods being sold, diverse crowds interacting, lights illuminating as night falls, and the vibrant energy transitioning between day and night."
0044,"A bustling city street at night, neon signs flicker as pedestrians hurry by. The camera glides through the crowd, capturing reflections on wet pavement under the glow of towering skyscrapers."
0049,"A bustling kitchen where chefs expertly prepare gourmet dishes. The camera zooms in on sizzling pans and colorful ingredients, capturing the precision and artistry in each step as flames dance and flavors mingle."
0019,"A cinematic aerial shot of a futuristic monorail weaving through a sprawling neon-lit metropolis at night, city lights streaking by in a dazzling blur."
0020,"A cinematic close-up of a barista crafting latte art in a bustling coffee shop. The scene alternates between her focused, skilled hands and customers watching appreciatively, highlighting the artistry and dedication in everyday routines."
0070,"A cinematic montage of a generational starship’s century-long voyage. Capture evolving crew faces, advancing technology, and ship interiors transforming into a vibrant, self-sustaining world."
0025,"A cinematic slow-motion shot of a robotic arm assembling sleek electronics on a high-speed line, showcasing precise, flawless movements as devices stack neatly. Emphasizing the efficiency and advanced technology in a cutting-edge factory."
0003,"A colorful 2D animation of a quirky raccoon band jamming under a starry sky. Each raccoon plays a different instrument, occasionally stumbling over cables and causing playful chaos, adding charm and fun to their nighttime performance."
0037,"A cross-section view of a coral reef ecosystem through time. Sunlight filters down, colors brighten as corals grow and marine life flourishes. Storms reshape the reef, then calm returns, enabling new vibrant life to thrive."
0040,"A cybersecurity analyst scans multiple monitors in a high-tech control center, her eyes fixed on streams of code as alerts flash across screens, the room filled with the hum of servers and tense anticipation."
0050,"A daring escape through a neon-lit cyberpunk city at night. The protagonist weaves between towering skyscrapers as drones hunt, then leaps onto a hovering motorcycle and races into the vibrant skyline."
0038,"A day in a firefighter's life, from early morning training to intense blaze emergencies. Contrast calm drills with chaotic fires. Show close-ups of equipment, urgent calls, and heroic extinguishing of flames."
0064,"A dolphin leaps gracefully above crystal-clear waves under a vibrant sunset, the orange and pink hues shimmering on the water's surface as seabirds glide overhead."
0028,"A dramatic shot of an astronomy professor adjusting a large telescope under a starry night sky, while students gather around, mesmerized by the celestial view unfolding before them."
0023,"A dynamic scene in a high-tech control room where diverse engineers monitor multiple holographic screens. Data streams and digital maps float around them, while ambient lighting highlights their focused expressions as they coordinate a complex operation."
0098,"A firefighter in action battles flames, the camera alternating between his determined face and the roaring blaze as he rescues those in danger."
0097,"A fleet of autonomous ships gracefully maneuvering through a vibrant coral reef, their lights illuminating the underwater flora, navigating around colorful marine life with synchronized precision."
0099,"A futuristic architect showcases a holographic city blueprint, swiping through towering skyscrapers and intricate roadways with smooth gestures, merging digital design with tangible reality."
0057,"A futuristic city skyline at dusk, skyscrapers adorned with neon lights reflecting on a quiet river. Flying cars zip between buildings as towering holograms illuminate the vibrant urban landscape."
0001,"A futuristic operating room where surgeons use holographic interfaces to guide the transplantation of precise 3D-printed organs, assisted by robotic technology."
0026,"A graceful ballerina performs an intricate routine on a grand theater stage. Spotlights illuminate her every move, shadows dance around her, and the backdrop shifts seamlessly between day and night scenes."
0074,A group of elephants painting vibrant murals on a city wall during a lively street festival.
0065,"A hummingbird sipping nectar from vibrant flowers in a sunlit tropical garden, its wings a blur of motion amidst the blooming petals."
0061,"A hyper-realistic scene of a young architect reviewing blueprints at a large drafting table, sunlight streaming through expansive windows as city views fill the background."
0062,"A hyper-realistic view of a motorcycle racing through a neon-lit city at night, reflecting on wet streets. The camera follows closely as the rider leans into sharp turns, capturing speed and agility."
0059,"A hyper-realistic view of an astronaut inside a spaceship, gazing out at Earth through a large window. Soft ambient light highlights the control panels, creating a serene yet awe-inspiring atmosphere."
0008,"A lively 2D animated street market at night, stalls bursting with colorful lights and diverse goods. Shoppers browse, vendors call out, and lanterns sway, creating a bustling and enchanting atmosphere with bold outlines and vibrant colors."
0051,"A lone kayaker navigates through a misty forest river, towering ancient trees arch overhead, their leaves shimmering with dew as sunlight filters through the canopy."
0046,"A lone kayaker paddles through calm, reflecting waters under a vibrant sunset, the sky painted with hues of orange and pink, creating a serene and mesmerizing evening scene."
0085,"A lone surfer rides a towering wave at dawn, his silhouette blending with the vibrant hues of the sunrise, as the vast ocean stretches infinitely behind him."
0066,"A lone wolf prowls a moonlit forest, eyes gleaming. Suddenly, shadows shift as a pack emerges. Just as tension peaks, a massive phoenix rises from flames, scattering the pack with vibrant wings, illuminating the dark trees."
0048,"A majestic dragon rises above a city skyline at sunset, its wings spreading wide. Suddenly, a swarm of glowing phoenixes circles the dragon, their flames intertwining to form a protective barrier, calming the dragon and lighting up the sky."
0027,"A majestic eagle soaring above snow-capped mountains. Its wings spread wide against the clear blue sky, scanning the rugged terrain below with sharp, focused eyes."
0029,"A majestic phoenix ascending above a tranquil bamboo forest at sunrise. Its vibrant plumage glows brightly as it spreads its wings, casting shimmering light over the serene landscape where villagers observe in wonder."
0075,"A majestic whale breaching the ocean surface, spraying water into the sunset as dolphins play in the wake."
0078,"A seasoned professor in his mid-50s stands beside a chalkboard, animatedly explaining a physics equation, chalk lines tracing the formula as attentive students watch in a bright, modern classroom."
0054,"A serene dawn view of a lone wolf traversing a misty forest, its fur illuminated by the early light as it moves gracefully through towering trees, embodying both solitude and strength."
0043,"A serene mermaid glides through vibrant coral reefs, sunlight filtering through the water. Fish of every color swim around her gracefully as she dances with the ocean currents."
0022,"A serene morning scene of fishermen casting nets into a misty lake, the rising sun casting golden hues over the calm water as ripples spread gently around them."
0024,"A serene sunrise over a misty mountain lake, the sky painted with hues of orange and pink, mist rising from the calm water as birds glide gracefully above."
0030,"A serene sunrise over a misty mountain range. The first light of day illuminates the peaks, casting a golden hue while a solitary eagle glides gracefully across the vibrant sky."
0021,"A serene underwater panorama of a vibrant coral reef, teeming with colorful fish and swaying sea anemones. The camera slowly dives through sunlit waters, showcasing intricate coral structures and the graceful movements of marine life, before ascending to reveal the expansive, shimmering ocean."
0013,"A serene underwater scene of a vibrant coral reef. Colorful fish swim gracefully among the swaying corals, sunlight filtering through the clear blue water, creating a mesmerizing, tranquil animation."
0092,"A shimmering aurora dances across a snowy mountain peak, vibrant colors swirling in the night sky. The crisp air sparkles with ice crystals as the northern lights reflect off a frozen lake below, creating a magical winter spectacle."
0058,"A sleek drone navigates through a dense rainforest, its sensors scanning vibrant flora and fauna. The camera follows closely, capturing the intricate details and dynamic motion beneath the canopy."
0082,"A sleek, futuristic hovercar races through a neon-lit metropolis at midnight. The vehicle glides smoothly over elevated tracks, illuminating the skyline with vibrant colors as it weaves between towering skyscrapers, creating a sense of speed and advanced technology."
0090,"A slow-motion scene of a spaceship landing on an alien planet, its engines glowing as it touches down on the rocky terrain. Dust swirls gently around the craft, and a cosmonaut steps out, gazing at the vast, otherworldly landscape stretching into the horizon."
0088,"A slow-motion scene of artisans carving intricate patterns into a massive wooden sculpture, wood shavings swirling as each precise cut reveals detailed artwork. The steady rhythm of their tools highlights the beauty of the emerging masterpiece."
0039,"A snow leopard prowls gracefully through a misty alpine forest at dawn. The camera follows its silent stride, sunlight filtering through the trees and highlighting its sleek fur as it pauses atop a rocky ledge, surveying the serene landscape."
0087,"A split-screen showing different natural phenomena occurring simultaneously. Capture lightning striking mountains, waves crashing on cliffs, forests swaying in the wind, and clouds racing across the sky. Highlight the raw power, beauty, and harmony of nature's elements."
0076,"A street musician in his late 20s plays a soulful melody on his saxophone, surrounded by a lively crowd as the city's evening lights shimmer in a cinematic wide shot."
0042,"A sunrise view over a tranquil rice terrace, golden light reflecting on the water-filled fields, farmers tending to the crops, and mist gently rising from the landscape, creating a peaceful morning scene."
0032,"A sunset over a serene beach with waves gently crashing onto the shore, the golden light reflecting on the water. People stroll along the sand, enjoying the tranquil beauty as the sky transforms with vibrant hues."
0063,"A sunset view over a bustling Tokyo street, neon lights flickering as crowds weave through the vibrant night. Capture reflections on wet pavement and the dynamic energy of city life as day transitions to night."
0041,"A swarm of luminous drones spells ""Future Vision"" in the night sky. Each drone is a bright point, forming a starry pattern. The text gracefully shifts through various styles before settling on bold, clean letters. Urban lights shimmer below."
0033,"A sweeping aerial view of the Eiffel Tower at twilight, illuminated against the darkening sky. The city lights glisten below, showcasing Paris's elegance and vibrant energy."
0034,"A sweeping view of a futuristic factory floor. Sleek robotic arms orchestrate the assembly of complex gadgets with flawless precision. Neon lights pulse as machinery operates in perfect harmony, showcasing advanced industrial artistry."
0095,"A thunderstorm on a remote mountain peak: lightning illuminates dark clouds as rain lashes the rocky terrain. The camera sweeps around the lone hiker seeking shelter, showcasing dramatic sky and rugged landscape."
0031,"A twilight panoramic view of an ancient European marketplace, lively with artisans and shoppers. Lanterns glow warmly, cobblestone streets bustle with activity, and historic buildings cast long shadows under the fading light."
0007,"A vibrant 2D animated scene of a young dancer performing under colorful stage lights, her movements fluid and expressive as shadows play around her, capturing the joy and energy of the performance."
0005,"A vibrant 2D animation of a young skateboarder in a colorful outfit performing tricks through a lively city park. Bold lines and bright hues create an energetic, playful atmosphere as the skateboarder maneuvers around obstacles."
0055,"A vibrant underwater coral reef teeming with colorful fish and graceful sea turtles. Sunlight filters through the clear water, highlighting intricate coral formations and the lively movement of marine life, creating a mesmerizing and serene underwater panorama."
0094,"A violinist plays passionately on a dimly lit street corner, the melodies echoing through the night as pedestrians pause to listen, city lights shimmering in the background."
0035,"A young artist paints a vibrant mural on a bustling city wall, blending bold colors and dynamic strokes as passersby watch in awe under the bright afternoon sun."
0091,"Aerial view of synchronized swimmers performing intricate patterns in a crystal-clear lake, their movements fluid and graceful under the soft glow of the morning sun."
0015,"An animated 3D scene of a smart home system in action, controlling lighting, temperature, and security with voice commands and seamless interactions. Devices respond instantly, creating a harmonious living environment."
0018,"An artist paints a vibrant mural under flickering streetlights, each brushstroke blending colors seamlessly, while passersby watch in awe as the masterpiece comes to life."
0086,"An astronaut explores a newly discovered alien planet, scanning the terrain with a high-tech visor, as vibrant flora and towering structures emerge under a dual-star sky."
